group	fill	showSelectedlegendfill
1	#FFFFFF	unused
2	#1B9E77	train
3	#D95F02	test
4	#FFFFFF	unused
5	#1B9E77	train
6	#1B9E77	train
7	#1B9E77	train
8	#1B9E77	train
9	#D95F02	test
10	#D95F02	test
11	#FFFFFF	unused
12	#1B9E77	train
13	#1B9E77	train
14	#FFFFFF	unused
15	#D95F02	test
16	#1B9E77	train
17	#FFFFFF	unused
18	#D95F02	test
19	#D95F02	test
20	#D95F02	test
21	#FFFFFF	unused
22	#1B9E77	train
23	#1B9E77	train
24	#D95F02	test
25	#D95F02	test
26	#FFFFFF	unused
27	#1B9E77	train
28	#1B9E77	train
29	#D95F02	test
30	#D95F02	test
31	#1B9E77	train
32	#FFFFFF	unused
33	#1B9E77	train
34	#D95F02	test
35	#D95F02	test
36	#FFFFFF	unused
37	#FFFFFF	unused
38	#D95F02	test
39	#FFFFFF	unused
40	#FFFFFF	unused
41	#FFFFFF	unused
42	#D95F02	test
43	#D95F02	test
44	#D95F02	test
45	#1B9E77	train
46	#D95F02	test
47	#D95F02	test
48	#1B9E77	train
49	#FFFFFF	unused
50	#D95F02	test
51	#FFFFFF	unused
52	#D95F02	test
53	#FFFFFF	unused
54	#1B9E77	train
55	#FFFFFF	unused
56	#FFFFFF	unused
57	#D95F02	test
58	#1B9E77	train
59	#1B9E77	train
60	#FFFFFF	unused
61	#FFFFFF	unused
62	#1B9E77	train
63	#FFFFFF	unused
64	#FFFFFF	unused
65	#D95F02	test
66	#D95F02	test
67	#FFFFFF	unused
68	#D95F02	test
69	#D95F02	test
70	#FFFFFF	unused
71	#FFFFFF	unused
72	#1B9E77	train
73	#1B9E77	train
74	#1B9E77	train
75	#D95F02	test
76	#D95F02	test
77	#FFFFFF	unused
78	#1B9E77	train
79	#FFFFFF	unused
80	#D95F02	test
81	#D95F02	test
82	#FFFFFF	unused
83	#D95F02	test
84	#D95F02	test
85	#FFFFFF	unused
86	#FFFFFF	unused
87	#D95F02	test
88	#FFFFFF	unused
89	#1B9E77	train
90	#1B9E77	train
91	#FFFFFF	unused
92	#FFFFFF	unused
93	#FFFFFF	unused
94	#1B9E77	train
95	#D95F02	test
96	#1B9E77	train
97	#D95F02	test
98	#FFFFFF	unused
99	#1B9E77	train
100	#1B9E77	train
101	#D95F02	test
102	#D95F02	test
103	#D95F02	test
104	#D95F02	test
105	#1B9E77	train
106	#FFFFFF	unused
107	#D95F02	test
108	#1B9E77	train
109	#D95F02	test
110	#FFFFFF	unused
111	#1B9E77	train
112	#1B9E77	train
113	#FFFFFF	unused
114	#D95F02	test
115	#1B9E77	train
116	#1B9E77	train
117	#1B9E77	train
118	#FFFFFF	unused
119	#FFFFFF	unused
120	#1B9E77	train
121	#D95F02	test
122	#FFFFFF	unused
123	#FFFFFF	unused
124	#FFFFFF	unused
125	#FFFFFF	unused
126	#D95F02	test
127	#FFFFFF	unused
128	#D95F02	test
129	#D95F02	test
130	#FFFFFF	unused
131	#D95F02	test
132	#FFFFFF	unused
133	#FFFFFF	unused
134	#1B9E77	train
135	#1B9E77	train
136	#FFFFFF	unused
137	#FFFFFF	unused
138	#D95F02	test
139	#1B9E77	train
140	#FFFFFF	unused
141	#FFFFFF	unused
142	#D95F02	test
143	#FFFFFF	unused
144	#1B9E77	train
145	#FFFFFF	unused
146	#D95F02	test
147	#D95F02	test
148	#D95F02	test
149	#FFFFFF	unused
150	#FFFFFF	unused
151	#1B9E77	train
152	#FFFFFF	unused
153	#1B9E77	train
154	#1B9E77	train
155	#FFFFFF	unused
156	#D95F02	test
157	#D95F02	test
158	#1B9E77	train
159	#1B9E77	train
160	#FFFFFF	unused
161	#1B9E77	train
162	#1B9E77	train
163	#D95F02	test
164	#D95F02	test
165	#FFFFFF	unused
166	#FFFFFF	unused
167	#FFFFFF	unused
168	#D95F02	test
169	#FFFFFF	unused
170	#FFFFFF	unused
171	#FFFFFF	unused
172	#D95F02	test
173	#FFFFFF	unused
174	#1B9E77	train
175	#1B9E77	train
176	#1B9E77	train
177	#FFFFFF	unused
178	#1B9E77	train
179	#D95F02	test
180	#FFFFFF	unused
181	#D95F02	test
182	#FFFFFF	unused
183	#FFFFFF	unused
184	#FFFFFF	unused
185	#FFFFFF	unused
186	#FFFFFF	unused
187	#1B9E77	train
188	#D95F02	test
189	#1B9E77	train
190	#D95F02	test
191	#D95F02	test
192	#D95F02	test
193	#D95F02	test
194	#1B9E77	train
195	#1B9E77	train
196	#1B9E77	train
197	#D95F02	test
198	#1B9E77	train
199	#1B9E77	train
200	#FFFFFF	unused
201	#1B9E77	train
202	#1B9E77	train
203	#1B9E77	train
204	#1B9E77	train
205	#1B9E77	train
206	#D95F02	test
207	#1B9E77	train
208	#1B9E77	train
209	#D95F02	test
210	#D95F02	test
211	#FFFFFF	unused
212	#FFFFFF	unused
213	#1B9E77	train
214	#FFFFFF	unused
215	#D95F02	test
216	#FFFFFF	unused
217	#FFFFFF	unused
218	#FFFFFF	unused
219	#D95F02	test
220	#D95F02	test
221	#D95F02	test
222	#FFFFFF	unused
223	#D95F02	test
224	#1B9E77	train
225	#FFFFFF	unused
226	#1B9E77	train
227	#D95F02	test
228	#D95F02	test
229	#1B9E77	train
230	#1B9E77	train
231	#D95F02	test
232	#D95F02	test
233	#FFFFFF	unused
234	#D95F02	test
235	#FFFFFF	unused
236	#1B9E77	train
237	#FFFFFF	unused
238	#D95F02	test
239	#D95F02	test
240	#FFFFFF	unused
241	#1B9E77	train
242	#FFFFFF	unused
243	#1B9E77	train
244	#1B9E77	train
245	#1B9E77	train
246	#1B9E77	train
247	#1B9E77	train
248	#D95F02	test
249	#1B9E77	train
250	#1B9E77	train
251	#D95F02	test
252	#FFFFFF	unused
253	#D95F02	test
254	#FFFFFF	unused
255	#D95F02	test
256	#D95F02	test
257	#D95F02	test
258	#FFFFFF	unused
259	#FFFFFF	unused
260	#D95F02	test
261	#FFFFFF	unused
262	#1B9E77	train
263	#D95F02	test
264	#D95F02	test
265	#1B9E77	train
266	#FFFFFF	unused
267	#D95F02	test
268	#FFFFFF	unused
269	#FFFFFF	unused
270	#D95F02	test
271	#FFFFFF	unused
272	#FFFFFF	unused
273	#1B9E77	train
274	#1B9E77	train
275	#D95F02	test
276	#1B9E77	train
277	#FFFFFF	unused
278	#FFFFFF	unused
279	#D95F02	test
280	#D95F02	test
281	#1B9E77	train
282	#FFFFFF	unused
283	#1B9E77	train
284	#FFFFFF	unused
285	#1B9E77	train
286	#FFFFFF	unused
287	#FFFFFF	unused
288	#1B9E77	train
289	#D95F02	test
290	#FFFFFF	unused
291	#D95F02	test
292	#1B9E77	train
293	#D95F02	test
294	#FFFFFF	unused
295	#D95F02	test
296	#1B9E77	train
297	#1B9E77	train
298	#FFFFFF	unused
299	#1B9E77	train
300	#1B9E77	train
301	#FFFFFF	unused
302	#1B9E77	train
303	#D95F02	test
304	#FFFFFF	unused
305	#1B9E77	train
306	#1B9E77	train
307	#1B9E77	train
308	#1B9E77	train
309	#D95F02	test
310	#D95F02	test
311	#FFFFFF	unused
312	#1B9E77	train
313	#1B9E77	train
314	#FFFFFF	unused
315	#D95F02	test
316	#1B9E77	train
317	#FFFFFF	unused
318	#D95F02	test
319	#D95F02	test
320	#D95F02	test
321	#FFFFFF	unused
322	#1B9E77	train
323	#1B9E77	train
324	#D95F02	test
325	#D95F02	test
326	#FFFFFF	unused
327	#1B9E77	train
328	#1B9E77	train
329	#D95F02	test
330	#D95F02	test
331	#1B9E77	train
332	#FFFFFF	unused
333	#1B9E77	train
334	#D95F02	test
335	#D95F02	test
336	#FFFFFF	unused
337	#FFFFFF	unused
338	#D95F02	test
339	#FFFFFF	unused
340	#FFFFFF	unused
341	#FFFFFF	unused
342	#D95F02	test
343	#D95F02	test
344	#D95F02	test
345	#1B9E77	train
346	#D95F02	test
347	#D95F02	test
348	#1B9E77	train
349	#FFFFFF	unused
350	#D95F02	test
351	#FFFFFF	unused
352	#D95F02	test
353	#FFFFFF	unused
354	#1B9E77	train
355	#FFFFFF	unused
356	#FFFFFF	unused
357	#D95F02	test
358	#1B9E77	train
359	#1B9E77	train
360	#FFFFFF	unused
361	#FFFFFF	unused
362	#1B9E77	train
363	#FFFFFF	unused
364	#FFFFFF	unused
365	#D95F02	test
366	#D95F02	test
367	#FFFFFF	unused
368	#D95F02	test
369	#D95F02	test
370	#FFFFFF	unused
371	#FFFFFF	unused
372	#1B9E77	train
373	#1B9E77	train
374	#1B9E77	train
375	#D95F02	test
376	#D95F02	test
377	#FFFFFF	unused
378	#1B9E77	train
379	#FFFFFF	unused
380	#D95F02	test
381	#D95F02	test
382	#FFFFFF	unused
383	#D95F02	test
384	#D95F02	test
385	#FFFFFF	unused
386	#FFFFFF	unused
387	#D95F02	test
388	#FFFFFF	unused
389	#1B9E77	train
390	#1B9E77	train
391	#FFFFFF	unused
392	#FFFFFF	unused
393	#FFFFFF	unused
394	#1B9E77	train
395	#D95F02	test
396	#1B9E77	train
397	#D95F02	test
398	#FFFFFF	unused
399	#1B9E77	train
400	#1B9E77	train
401	#D95F02	test
402	#D95F02	test
403	#D95F02	test
404	#D95F02	test
405	#1B9E77	train
406	#FFFFFF	unused
407	#D95F02	test
408	#1B9E77	train
409	#D95F02	test
410	#FFFFFF	unused
411	#1B9E77	train
412	#1B9E77	train
413	#FFFFFF	unused
414	#D95F02	test
415	#1B9E77	train
416	#1B9E77	train
417	#1B9E77	train
418	#FFFFFF	unused
419	#FFFFFF	unused
420	#1B9E77	train
421	#D95F02	test
422	#FFFFFF	unused
423	#FFFFFF	unused
424	#FFFFFF	unused
425	#FFFFFF	unused
426	#D95F02	test
427	#FFFFFF	unused
428	#D95F02	test
429	#D95F02	test
430	#FFFFFF	unused
431	#D95F02	test
432	#FFFFFF	unused
433	#FFFFFF	unused
434	#1B9E77	train
435	#1B9E77	train
436	#FFFFFF	unused
437	#FFFFFF	unused
438	#D95F02	test
439	#1B9E77	train
440	#FFFFFF	unused
441	#FFFFFF	unused
442	#D95F02	test
443	#FFFFFF	unused
444	#1B9E77	train
445	#FFFFFF	unused
446	#D95F02	test
447	#D95F02	test
448	#D95F02	test
449	#FFFFFF	unused
450	#FFFFFF	unused
451	#1B9E77	train
452	#FFFFFF	unused
453	#1B9E77	train
454	#1B9E77	train
455	#FFFFFF	unused
456	#D95F02	test
457	#D95F02	test
458	#1B9E77	train
459	#1B9E77	train
460	#FFFFFF	unused
461	#1B9E77	train
462	#1B9E77	train
463	#D95F02	test
464	#D95F02	test
465	#FFFFFF	unused
466	#FFFFFF	unused
467	#FFFFFF	unused
468	#D95F02	test
469	#FFFFFF	unused
470	#FFFFFF	unused
471	#FFFFFF	unused
472	#D95F02	test
473	#FFFFFF	unused
474	#1B9E77	train
475	#1B9E77	train
476	#1B9E77	train
477	#FFFFFF	unused
478	#1B9E77	train
479	#D95F02	test
480	#FFFFFF	unused
481	#D95F02	test
482	#FFFFFF	unused
483	#FFFFFF	unused
484	#FFFFFF	unused
485	#FFFFFF	unused
486	#FFFFFF	unused
487	#1B9E77	train
488	#D95F02	test
489	#1B9E77	train
490	#D95F02	test
491	#D95F02	test
492	#D95F02	test
493	#D95F02	test
494	#1B9E77	train
495	#1B9E77	train
496	#1B9E77	train
497	#D95F02	test
498	#1B9E77	train
499	#1B9E77	train
500	#FFFFFF	unused
501	#1B9E77	train
502	#1B9E77	train
503	#1B9E77	train
504	#1B9E77	train
505	#1B9E77	train
506	#D95F02	test
507	#1B9E77	train
508	#1B9E77	train
509	#D95F02	test
510	#D95F02	test
511	#FFFFFF	unused
512	#FFFFFF	unused
513	#1B9E77	train
514	#FFFFFF	unused
515	#D95F02	test
516	#FFFFFF	unused
517	#FFFFFF	unused
518	#FFFFFF	unused
519	#D95F02	test
520	#D95F02	test
521	#D95F02	test
522	#FFFFFF	unused
523	#D95F02	test
524	#1B9E77	train
525	#FFFFFF	unused
526	#1B9E77	train
527	#D95F02	test
528	#D95F02	test
529	#1B9E77	train
530	#1B9E77	train
531	#D95F02	test
532	#D95F02	test
533	#FFFFFF	unused
534	#D95F02	test
535	#FFFFFF	unused
536	#1B9E77	train
537	#FFFFFF	unused
538	#D95F02	test
539	#D95F02	test
540	#FFFFFF	unused
541	#1B9E77	train
542	#FFFFFF	unused
543	#1B9E77	train
544	#1B9E77	train
545	#1B9E77	train
546	#1B9E77	train
547	#1B9E77	train
548	#D95F02	test
549	#1B9E77	train
550	#1B9E77	train
551	#D95F02	test
552	#FFFFFF	unused
553	#D95F02	test
554	#FFFFFF	unused
555	#D95F02	test
556	#D95F02	test
557	#D95F02	test
558	#FFFFFF	unused
559	#FFFFFF	unused
560	#D95F02	test
561	#FFFFFF	unused
562	#1B9E77	train
563	#D95F02	test
564	#D95F02	test
565	#1B9E77	train
566	#FFFFFF	unused
567	#D95F02	test
568	#FFFFFF	unused
569	#FFFFFF	unused
570	#D95F02	test
571	#FFFFFF	unused
572	#FFFFFF	unused
573	#1B9E77	train
574	#1B9E77	train
575	#D95F02	test
576	#1B9E77	train
577	#FFFFFF	unused
578	#FFFFFF	unused
579	#D95F02	test
580	#D95F02	test
581	#1B9E77	train
582	#FFFFFF	unused
583	#1B9E77	train
584	#FFFFFF	unused
585	#1B9E77	train
586	#FFFFFF	unused
587	#FFFFFF	unused
588	#1B9E77	train
589	#D95F02	test
590	#FFFFFF	unused
591	#D95F02	test
592	#1B9E77	train
593	#D95F02	test
594	#FFFFFF	unused
595	#D95F02	test
596	#1B9E77	train
597	#1B9E77	train
598	#FFFFFF	unused
599	#1B9E77	train
600	#1B9E77	train
601	#FFFFFF	unused
602	#D95F02	test
603	#1B9E77	train
604	#FFFFFF	unused
605	#1B9E77	train
606	#1B9E77	train
607	#1B9E77	train
608	#1B9E77	train
609	#D95F02	test
610	#D95F02	test
611	#D95F02	test
612	#FFFFFF	unused
613	#1B9E77	train
614	#1B9E77	train
615	#FFFFFF	unused
616	#D95F02	test
617	#D95F02	test
618	#1B9E77	train
619	#D95F02	test
620	#FFFFFF	unused
621	#FFFFFF	unused
622	#1B9E77	train
623	#D95F02	test
624	#1B9E77	train
625	#D95F02	test
626	#FFFFFF	unused
627	#1B9E77	train
628	#1B9E77	train
629	#1B9E77	train
630	#FFFFFF	unused
631	#1B9E77	train
632	#FFFFFF	unused
633	#D95F02	test
634	#D95F02	test
635	#FFFFFF	unused
636	#D95F02	test
637	#FFFFFF	unused
638	#FFFFFF	unused
639	#FFFFFF	unused
640	#1B9E77	train
641	#D95F02	test
642	#D95F02	test
643	#1B9E77	train
644	#FFFFFF	unused
645	#FFFFFF	unused
646	#D95F02	test
647	#D95F02	test
648	#D95F02	test
649	#D95F02	test
650	#FFFFFF	unused
651	#1B9E77	train
652	#FFFFFF	unused
653	#FFFFFF	unused
654	#1B9E77	train
655	#1B9E77	train
656	#D95F02	test
657	#FFFFFF	unused
658	#D95F02	test
659	#FFFFFF	unused
660	#1B9E77	train
661	#FFFFFF	unused
662	#D95F02	test
663	#FFFFFF	unused
664	#FFFFFF	unused
665	#FFFFFF	unused
666	#D95F02	test
667	#FFFFFF	unused
668	#1B9E77	train
669	#D95F02	test
670	#1B9E77	train
671	#1B9E77	train
672	#FFFFFF	unused
673	#1B9E77	train
674	#D95F02	test
675	#FFFFFF	unused
676	#D95F02	test
677	#FFFFFF	unused
678	#D95F02	test
679	#FFFFFF	unused
680	#FFFFFF	unused
681	#FFFFFF	unused
682	#1B9E77	train
683	#1B9E77	train
684	#FFFFFF	unused
685	#D95F02	test
686	#FFFFFF	unused
687	#FFFFFF	unused
688	#1B9E77	train
689	#1B9E77	train
690	#FFFFFF	unused
691	#D95F02	test
692	#1B9E77	train
693	#D95F02	test
694	#1B9E77	train
695	#1B9E77	train
696	#FFFFFF	unused
697	#1B9E77	train
698	#FFFFFF	unused
699	#D95F02	test
700	#D95F02	test
701	#1B9E77	train
702	#1B9E77	train
703	#FFFFFF	unused
704	#D95F02	test
705	#1B9E77	train
706	#1B9E77	train
707	#1B9E77	train
708	#FFFFFF	unused
709	#FFFFFF	unused
710	#1B9E77	train
711	#FFFFFF	unused
712	#FFFFFF	unused
713	#FFFFFF	unused
714	#D95F02	test
715	#FFFFFF	unused
716	#FFFFFF	unused
717	#FFFFFF	unused
718	#D95F02	test
719	#FFFFFF	unused
720	#FFFFFF	unused
721	#D95F02	test
722	#1B9E77	train
723	#D95F02	test
724	#1B9E77	train
725	#FFFFFF	unused
726	#FFFFFF	unused
727	#D95F02	test
728	#1B9E77	train
729	#D95F02	test
730	#D95F02	test
731	#D95F02	test
732	#FFFFFF	unused
733	#FFFFFF	unused
734	#FFFFFF	unused
735	#1B9E77	train
736	#D95F02	test
737	#FFFFFF	unused
738	#FFFFFF	unused
739	#FFFFFF	unused
740	#D95F02	test
741	#1B9E77	train
742	#D95F02	test
743	#D95F02	test
744	#D95F02	test
745	#D95F02	test
746	#D95F02	test
747	#D95F02	test
748	#D95F02	test
749	#FFFFFF	unused
750	#1B9E77	train
751	#1B9E77	train
752	#FFFFFF	unused
753	#1B9E77	train
754	#1B9E77	train
755	#FFFFFF	unused
756	#1B9E77	train
757	#1B9E77	train
758	#FFFFFF	unused
759	#FFFFFF	unused
760	#FFFFFF	unused
761	#FFFFFF	unused
762	#FFFFFF	unused
763	#FFFFFF	unused
764	#D95F02	test
765	#D95F02	test
766	#FFFFFF	unused
767	#1B9E77	train
768	#D95F02	test
769	#1B9E77	train
770	#D95F02	test
771	#1B9E77	train
772	#FFFFFF	unused
773	#D95F02	test
774	#1B9E77	train
775	#FFFFFF	unused
776	#FFFFFF	unused
777	#FFFFFF	unused
778	#D95F02	test
779	#FFFFFF	unused
780	#FFFFFF	unused
781	#FFFFFF	unused
782	#D95F02	test
783	#D95F02	test
784	#D95F02	test
785	#1B9E77	train
786	#1B9E77	train
787	#1B9E77	train
788	#1B9E77	train
789	#1B9E77	train
790	#1B9E77	train
791	#D95F02	test
792	#1B9E77	train
793	#FFFFFF	unused
794	#1B9E77	train
795	#1B9E77	train
796	#D95F02	test
797	#D95F02	test
798	#1B9E77	train
799	#1B9E77	train
800	#D95F02	test
801	#1B9E77	train
802	#1B9E77	train
803	#1B9E77	train
804	#FFFFFF	unused
805	#D95F02	test
806	#FFFFFF	unused
807	#D95F02	test
808	#1B9E77	train
809	#D95F02	test
810	#FFFFFF	unused
811	#FFFFFF	unused
812	#D95F02	test
813	#D95F02	test
814	#FFFFFF	unused
815	#FFFFFF	unused
816	#FFFFFF	unused
817	#1B9E77	train
818	#FFFFFF	unused
819	#1B9E77	train
820	#D95F02	test
821	#1B9E77	train
822	#D95F02	test
823	#1B9E77	train
824	#FFFFFF	unused
825	#D95F02	test
826	#D95F02	test
827	#D95F02	test
828	#FFFFFF	unused
829	#1B9E77	train
830	#FFFFFF	unused
831	#D95F02	test
832	#FFFFFF	unused
833	#1B9E77	train
834	#FFFFFF	unused
835	#1B9E77	train
836	#1B9E77	train
837	#1B9E77	train
838	#1B9E77	train
839	#D95F02	test
840	#1B9E77	train
841	#D95F02	test
842	#1B9E77	train
843	#D95F02	test
844	#D95F02	test
845	#D95F02	test
846	#1B9E77	train
847	#FFFFFF	unused
848	#FFFFFF	unused
849	#D95F02	test
850	#D95F02	test
851	#FFFFFF	unused
852	#D95F02	test
853	#D95F02	test
854	#D95F02	test
855	#FFFFFF	unused
856	#FFFFFF	unused
857	#1B9E77	train
858	#1B9E77	train
859	#D95F02	test
860	#FFFFFF	unused
861	#FFFFFF	unused
862	#FFFFFF	unused
863	#D95F02	test
864	#FFFFFF	unused
865	#D95F02	test
866	#FFFFFF	unused
867	#D95F02	test
868	#1B9E77	train
869	#1B9E77	train
870	#1B9E77	train
871	#FFFFFF	unused
872	#D95F02	test
873	#D95F02	test
874	#FFFFFF	unused
875	#D95F02	test
876	#1B9E77	train
877	#D95F02	test
878	#FFFFFF	unused
879	#1B9E77	train
880	#D95F02	test
881	#FFFFFF	unused
882	#1B9E77	train
883	#FFFFFF	unused
884	#FFFFFF	unused
885	#1B9E77	train
886	#FFFFFF	unused
887	#1B9E77	train
888	#D95F02	test
889	#D95F02	test
890	#FFFFFF	unused
891	#D95F02	test
892	#D95F02	test
893	#D95F02	test
894	#D95F02	test
895	#1B9E77	train
896	#D95F02	test
897	#1B9E77	train
898	#FFFFFF	unused
899	#1B9E77	train
900	#1B9E77	train
901	#FFFFFF	unused
902	#D95F02	test
903	#1B9E77	train
904	#FFFFFF	unused
905	#1B9E77	train
906	#1B9E77	train
907	#1B9E77	train
908	#1B9E77	train
909	#D95F02	test
910	#D95F02	test
911	#D95F02	test
912	#FFFFFF	unused
913	#1B9E77	train
914	#1B9E77	train
915	#FFFFFF	unused
916	#D95F02	test
917	#D95F02	test
918	#1B9E77	train
919	#D95F02	test
920	#FFFFFF	unused
921	#FFFFFF	unused
922	#1B9E77	train
923	#D95F02	test
924	#1B9E77	train
925	#D95F02	test
926	#FFFFFF	unused
927	#1B9E77	train
928	#1B9E77	train
929	#1B9E77	train
930	#FFFFFF	unused
931	#1B9E77	train
932	#FFFFFF	unused
933	#D95F02	test
934	#D95F02	test
935	#FFFFFF	unused
936	#D95F02	test
937	#FFFFFF	unused
938	#FFFFFF	unused
939	#FFFFFF	unused
940	#1B9E77	train
941	#D95F02	test
942	#D95F02	test
943	#1B9E77	train
944	#FFFFFF	unused
945	#FFFFFF	unused
946	#D95F02	test
947	#D95F02	test
948	#D95F02	test
949	#D95F02	test
950	#FFFFFF	unused
951	#1B9E77	train
952	#FFFFFF	unused
953	#FFFFFF	unused
954	#1B9E77	train
955	#1B9E77	train
956	#D95F02	test
957	#FFFFFF	unused
958	#D95F02	test
959	#FFFFFF	unused
960	#1B9E77	train
961	#FFFFFF	unused
962	#D95F02	test
963	#FFFFFF	unused
964	#FFFFFF	unused
965	#FFFFFF	unused
966	#D95F02	test
967	#FFFFFF	unused
968	#1B9E77	train
969	#D95F02	test
970	#1B9E77	train
971	#1B9E77	train
972	#FFFFFF	unused
973	#1B9E77	train
974	#D95F02	test
975	#FFFFFF	unused
976	#D95F02	test
977	#FFFFFF	unused
978	#D95F02	test
979	#FFFFFF	unused
980	#FFFFFF	unused
981	#FFFFFF	unused
982	#1B9E77	train
983	#1B9E77	train
984	#FFFFFF	unused
985	#D95F02	test
986	#FFFFFF	unused
987	#FFFFFF	unused
988	#1B9E77	train
989	#1B9E77	train
990	#FFFFFF	unused
991	#D95F02	test
992	#1B9E77	train
993	#D95F02	test
994	#1B9E77	train
995	#1B9E77	train
996	#FFFFFF	unused
997	#1B9E77	train
998	#FFFFFF	unused
999	#D95F02	test
1000	#D95F02	test
1001	#1B9E77	train
1002	#1B9E77	train
1003	#FFFFFF	unused
1004	#D95F02	test
1005	#1B9E77	train
1006	#1B9E77	train
1007	#1B9E77	train
1008	#FFFFFF	unused
1009	#FFFFFF	unused
1010	#1B9E77	train
1011	#FFFFFF	unused
1012	#FFFFFF	unused
1013	#FFFFFF	unused
1014	#D95F02	test
1015	#FFFFFF	unused
1016	#FFFFFF	unused
1017	#FFFFFF	unused
1018	#D95F02	test
1019	#FFFFFF	unused
1020	#FFFFFF	unused
1021	#D95F02	test
1022	#1B9E77	train
1023	#D95F02	test
1024	#1B9E77	train
1025	#FFFFFF	unused
1026	#FFFFFF	unused
1027	#D95F02	test
1028	#1B9E77	train
1029	#D95F02	test
1030	#D95F02	test
1031	#D95F02	test
1032	#FFFFFF	unused
1033	#FFFFFF	unused
1034	#FFFFFF	unused
1035	#1B9E77	train
1036	#D95F02	test
1037	#FFFFFF	unused
1038	#FFFFFF	unused
1039	#FFFFFF	unused
1040	#D95F02	test
1041	#1B9E77	train
1042	#D95F02	test
1043	#D95F02	test
1044	#D95F02	test
1045	#D95F02	test
1046	#D95F02	test
1047	#D95F02	test
1048	#D95F02	test
1049	#FFFFFF	unused
1050	#1B9E77	train
1051	#1B9E77	train
1052	#FFFFFF	unused
1053	#1B9E77	train
1054	#1B9E77	train
1055	#FFFFFF	unused
1056	#1B9E77	train
1057	#1B9E77	train
1058	#FFFFFF	unused
1059	#FFFFFF	unused
1060	#FFFFFF	unused
1061	#FFFFFF	unused
1062	#FFFFFF	unused
1063	#FFFFFF	unused
1064	#D95F02	test
1065	#D95F02	test
1066	#FFFFFF	unused
1067	#1B9E77	train
1068	#D95F02	test
1069	#1B9E77	train
1070	#D95F02	test
1071	#1B9E77	train
1072	#FFFFFF	unused
1073	#D95F02	test
1074	#1B9E77	train
1075	#FFFFFF	unused
1076	#FFFFFF	unused
1077	#FFFFFF	unused
1078	#D95F02	test
1079	#FFFFFF	unused
1080	#FFFFFF	unused
1081	#FFFFFF	unused
1082	#D95F02	test
1083	#D95F02	test
1084	#D95F02	test
1085	#1B9E77	train
1086	#1B9E77	train
1087	#1B9E77	train
1088	#1B9E77	train
1089	#1B9E77	train
1090	#1B9E77	train
1091	#D95F02	test
1092	#1B9E77	train
1093	#FFFFFF	unused
1094	#1B9E77	train
1095	#1B9E77	train
1096	#D95F02	test
1097	#D95F02	test
1098	#1B9E77	train
1099	#1B9E77	train
1100	#D95F02	test
1101	#1B9E77	train
1102	#1B9E77	train
1103	#1B9E77	train
1104	#FFFFFF	unused
1105	#D95F02	test
1106	#FFFFFF	unused
1107	#D95F02	test
1108	#1B9E77	train
1109	#D95F02	test
1110	#FFFFFF	unused
1111	#FFFFFF	unused
1112	#D95F02	test
1113	#D95F02	test
1114	#FFFFFF	unused
1115	#FFFFFF	unused
1116	#FFFFFF	unused
1117	#1B9E77	train
1118	#FFFFFF	unused
1119	#1B9E77	train
1120	#D95F02	test
1121	#1B9E77	train
1122	#D95F02	test
1123	#1B9E77	train
1124	#FFFFFF	unused
1125	#D95F02	test
1126	#D95F02	test
1127	#D95F02	test
1128	#FFFFFF	unused
1129	#1B9E77	train
1130	#FFFFFF	unused
1131	#D95F02	test
1132	#FFFFFF	unused
1133	#1B9E77	train
1134	#FFFFFF	unused
1135	#1B9E77	train
1136	#1B9E77	train
1137	#1B9E77	train
1138	#1B9E77	train
1139	#D95F02	test
1140	#1B9E77	train
1141	#D95F02	test
1142	#1B9E77	train
1143	#D95F02	test
1144	#D95F02	test
1145	#D95F02	test
1146	#1B9E77	train
1147	#FFFFFF	unused
1148	#FFFFFF	unused
1149	#D95F02	test
1150	#D95F02	test
1151	#FFFFFF	unused
1152	#D95F02	test
1153	#D95F02	test
1154	#D95F02	test
1155	#FFFFFF	unused
1156	#FFFFFF	unused
1157	#1B9E77	train
1158	#1B9E77	train
1159	#D95F02	test
1160	#FFFFFF	unused
1161	#FFFFFF	unused
1162	#FFFFFF	unused
1163	#D95F02	test
1164	#FFFFFF	unused
1165	#D95F02	test
1166	#FFFFFF	unused
1167	#D95F02	test
1168	#1B9E77	train
1169	#1B9E77	train
1170	#1B9E77	train
1171	#FFFFFF	unused
1172	#D95F02	test
1173	#D95F02	test
1174	#FFFFFF	unused
1175	#D95F02	test
1176	#1B9E77	train
1177	#D95F02	test
1178	#FFFFFF	unused
1179	#1B9E77	train
1180	#D95F02	test
1181	#FFFFFF	unused
1182	#1B9E77	train
1183	#FFFFFF	unused
1184	#FFFFFF	unused
1185	#1B9E77	train
1186	#FFFFFF	unused
1187	#1B9E77	train
1188	#D95F02	test
1189	#D95F02	test
1190	#FFFFFF	unused
1191	#D95F02	test
1192	#D95F02	test
1193	#D95F02	test
1194	#D95F02	test
1195	#1B9E77	train
1196	#D95F02	test
1197	#1B9E77	train
1198	#FFFFFF	unused
1199	#1B9E77	train
1200	#1B9E77	train
